Date,Description,Amount
2026-07-01,ACME CORP PAYROLL,3200.00
2026-07-01,CITY APARTMENTS RENT,-1450.00
2026-07-05,CON EDISON ELECTRIC,-88.56
2026-07-08,XFINITY INTERNET,-79.99
2026-07-11,STREAMFLIX.COM 866-579-7172,-15.49
2026-07-12,SPOTIFY USA,-10.99
2026-07-14,PLANET FITNESS,-24.99
2026-07-15,APPLE.COM/BILL ICLOUD,-2.99
2026-07-17,AMAZON PRIME,-14.99
2026-07-19,AUDIBLE,-14.95
2026-07-03,TRADER JOE'S #542,-94.33
2026-07-10,TRADER JOE'S #542,-83.04
2026-07-17,TRADER JOE'S #542,-87.05
2026-07-24,TRADER JOE'S #542,-110.93
2026-07-24,PANERA BREAD,-14.50
2026-07-24,MCDONALD'S F3841,-9.98
2026-07-05,CHIPOTLE MEXICAN GRILL,-15.65
2026-07-25,PANERA BREAD,-14.85
2026-07-16,CHIPOTLE MEXICAN GRILL,-10.81
2026-07-23,PANERA BREAD,-12.09
2026-07-14,PANERA BREAD,-11.42
2026-07-15,CHIPOTLE MEXICAN GRILL,-14.81
2026-07-19,PANERA BREAD,-13.67
2026-07-20,DOORDASH,-30.54
2026-07-06,SHELL,-48.06
2026-07-21,SHELL,-51.86
2026-07-09,AMAZON MKTPLACE US,-39.14
2026-07-16,TARGET STORE,-34.90
2026-07-22,CVS/PHARMACY #08841,-15.07
2026-07-13,UBER TRIP,-17.37
2026-07-25,PARKING - CITY GARAGE,-9.27
2026-08-01,ACME CORP PAYROLL,3200.00
2026-08-01,CITY APARTMENTS RENT,-1450.00
2026-08-05,CON EDISON ELECTRIC,-101.99
2026-08-08,XFINITY INTERNET,-79.99
2026-08-11,STREAMFLIX.COM 866-579-7172,-15.49
2026-08-12,SPOTIFY USA,-10.99
2026-08-14,PLANET FITNESS,-24.99
2026-08-15,APPLE.COM/BILL ICLOUD,-2.99
2026-08-17,AMAZON PRIME,-14.99
2026-08-19,AUDIBLE,-14.95
2026-08-03,WHOLE FOODS MKT,-107.06
2026-08-10,TRADER JOE'S #542,-74.08
2026-08-17,TRADER JOE'S #542,-63.07
2026-08-24,TRADER JOE'S #542,-80.70
2026-08-26,PANERA BREAD,-12.35
2026-08-17,PANERA BREAD,-13.36
2026-08-05,STARBUCKS STORE,-7.92
2026-08-25,CHIPOTLE MEXICAN GRILL,-14.64
2026-08-20,DOORDASH,-25.68
2026-08-15,CHIPOTLE MEXICAN GRILL,-9.82
2026-08-17,STARBUCKS STORE,-6.79
2026-08-07,DOORDASH,-24.73
2026-08-24,MCDONALD'S F3841,-11.08
2026-08-23,MCDONALD'S F3841,-9.01
2026-08-06,SHELL,-40.14
2026-08-21,SHELL,-39.77
2026-08-09,AMAZON MKTPLACE US,-43.37
2026-08-16,TARGET STORE,-62.58
2026-08-22,CVS/PHARMACY #08841,-27.81
2026-08-13,UBER TRIP,-17.11
2026-08-20,BEST BUY #114,-129.99
2026-08-25,PARKING - CITY GARAGE,-15.47
2026-09-01,ACME CORP PAYROLL,3200.00
2026-09-01,CITY APARTMENTS RENT,-1450.00
2026-09-05,CON EDISON ELECTRIC,-93.19
2026-09-08,XFINITY INTERNET,-79.99
2026-09-11,STREAMFLIX.COM 866-579-7172,-15.49
2026-09-12,SPOTIFY USA,-10.99
2026-09-14,PLANET FITNESS,-24.99
2026-09-15,APPLE.COM/BILL ICLOUD,-2.99
2026-09-17,AMAZON PRIME,-14.99
2026-09-19,AUDIBLE,-14.95
2026-09-03,TRADER JOE'S #542,-66.33
2026-09-10,WHOLE FOODS MKT,-116.81
2026-09-17,WHOLE FOODS MKT,-71.44
2026-09-24,TRADER JOE'S #542,-77.86
2026-09-23,DOORDASH,-32.97
2026-09-10,CHIPOTLE MEXICAN GRILL,-12.71
2026-09-12,STARBUCKS STORE,-4.05
2026-09-11,MCDONALD'S F3841,-9.37
2026-09-17,STARBUCKS STORE,-6.80
2026-09-17,DOORDASH,-24.78
2026-09-12,STARBUCKS STORE,-7.74
2026-09-25,STARBUCKS STORE,-7.80
2026-09-26,DOORDASH,-22.30
2026-09-16,STARBUCKS STORE,-6.01
2026-09-06,SHELL,-51.33
2026-09-21,SHELL,-51.72
2026-09-09,AMAZON MKTPLACE US,-51.26
2026-09-16,TARGET STORE,-70.80
2026-09-22,CVS/PHARMACY #08841,-16.94
2026-09-13,UBER TRIP,-18.77
2026-09-20,AMC THEATRE,-28.00
2026-09-27,OVERDRAFT FEE,-35.00
2026-09-25,PARKING - CITY GARAGE,-14.85